<?xml version="1.0"?>
<layout width="1920" height="1080" resolutionid="9" bgcolor="#000000" schemaVersion="2">
  <region id="5624ed4391025" userId="1" width="1920" height="1080" top="0" left="0"/>
  <tags>
    <tag>efwf</tag>
  </tags>
<region id="27945624ed49632c1" userId="1" width="1771.2" height="907.19999999999" top="49.9875" left="49.9875"><media id="21" type="video" render="native" duration="50" lkid="8" userId="1" schemaVersion="1">
                            <options><uri>21.mp4</uri><loop>0</loop><mute>1</mute></options>
                            <raw/>
                    </media></region></layout>
