<?xml version="1.0"?>
<layout schemaVersion="2" width="1920" height="1080" bgcolor="#ffffff" background="" resolutionid="9">
  <region id="47ff29524ce1b" width="1920" height="935.99999999999" top="0" left="0" userId="1">
    
  <media id="21" type="video" render="native" duration="50" lkid="11" userId="1" schemaVersion="1">
                            <options><uri>21.mp4</uri></options>
                            <raw/>
                    </media></region>
  <region id="53654d56726e0" userId="1" width="432" height="129.23076923077" top="940.78846153846" left="1470.4903846154">
    <media id="b791dfc96c9b69a7787ce188b14f8fc1" type="text" duration="10" lkid="" userId="1" schemaVersion="1" render="native">
                            <options><xmds>1</xmds><direction>none</direction><scrollSpeed>2</scrollSpeed><fitText>0</fitText></options>
                            <raw><text><![CDATA[<p style="text-align: right;"><span style="font-size:96px;"><span style="font-family:arial,helvetica,sans-serif;"><span style="color:#D3D3D3;">[Clock]</span></span></span></p>
]]></text></raw>
                    </media>
  <options><transOut/><transOutDuration>0</transOutDuration><transOutDirection/></options></region>
  <tags>
    <tag>default</tag>
  </tags>
</layout>
